annee;secteur;pop_femmes;pop_total;part_femmes;famille
2017;Activités financières et assurance;511.6;864.4;59.2;Autres secteurs
2017;Activités informatiques;108.9;430.7;25.3;Autres secteurs
2017;Activités spécialisées et soutien;1232.8;2649.5;46.5;Autres secteurs
2017;Admin. publique, enseignement, santé;5742.1;8327.7;69.0;Autres secteurs
2017;Agriculture, sylviculture et pêche;205.7;697.9;29.5;Autres secteurs
2017;Alimentation, boissons, tabac;273.1;666.8;41.0;Industrie
2017;Autres industries manufacturières;91.9;321.3;28.6;Industrie
2017;Bois, papier, imprimerie;59.5;207.9;28.6;Industrie
2017;Caoutchouc, plastiques, minéraux;86.6;322.5;26.9;Industrie
2017;Cokéfaction et raffinage;2.7;13.1;20.6;Industrie
2017;Commerce, transports, hébergement;2449.9;5933.0;41.3;Autres secteurs
2017;Construction;194.4;1740.3;11.2;Autres secteurs
2017;Eau, assainissement, déchets;40.2;215.1;18.7;Industrie
2017;Hébergement médico-social, action sociale;1711.6;2046.4;83.6;Autres secteurs
2017;Industrie (total);1079.4;3699.1;29.2;Autres secteurs
2017;Industrie chimique;61.1;183.4;33.3;Industrie
2017;Industrie pharmaceutique;42.9;92.3;46.5;Industrie
2017;Industries extractives;2.1;21.0;10.0;Industrie
2017;Information et communication;243.0;790.8;30.7;Autres secteurs
2017;Informatique, électronique, optique;53.7;157.1;34.2;Industrie
2017;Machines et équipements;45.3;208.0;21.8;Industrie
2017;Matériels de transport;88.3;444.5;19.9;Industrie
2017;Métallurgie, produits métalliques;68.1;433.4;15.7;Industrie
2017;Santé humaine;1435.6;1915.7;74.9;Autres secteurs
2017;Textile, habillement, cuir;83.7;121.2;69.1;Industrie
2017;Transports et entreposage;378.8;1452.3;26.1;Autres secteurs
2017;Électricité, gaz, vapeur;46.0;172.0;26.7;Industrie
2017;Équipements électriques;34.1;119.6;28.5;Industrie
2018;Activités financières et assurance;515.9;889.0;58.0;Autres secteurs
2018;Activités informatiques;113.6;453.6;25.0;Autres secteurs
2018;Activités spécialisées et soutien;1273.9;2713.4;46.9;Autres secteurs
2018;Admin. publique, enseignement, santé;5759.8;8361.3;68.9;Autres secteurs
2018;Agriculture, sylviculture et pêche;181.3;670.4;27.0;Autres secteurs
2018;Alimentation, boissons, tabac;276.8;674.2;41.1;Industrie
2018;Autres industries manufacturières;87.9;323.0;27.2;Industrie
2018;Bois, papier, imprimerie;52.5;194.9;26.9;Industrie
2018;Caoutchouc, plastiques, minéraux;86.1;296.5;29.0;Industrie
2018;Cokéfaction et raffinage;2.7;9.0;30.0;Industrie
2018;Commerce, transports, hébergement;2484.3;5934.3;41.9;Autres secteurs
2018;Construction;207.4;1807.6;11.5;Autres secteurs
2018;Eau, assainissement, déchets;45.3;219.4;20.6;Industrie
2018;Hébergement médico-social, action sociale;1690.6;2020.0;83.7;Autres secteurs
2018;Industrie (total);1046.4;3616.4;28.9;Autres secteurs
2018;Industrie chimique;60.0;184.5;32.5;Industrie
2018;Industrie pharmaceutique;44.7;89.6;49.9;Industrie
2018;Industries extractives;2.8;20.0;14.0;Industrie
2018;Information et communication;253.7;826.9;30.7;Autres secteurs
2018;Informatique, électronique, optique;51.9;151.5;34.3;Industrie
2018;Machines et équipements;32.8;211.2;15.5;Industrie
2018;Matériels de transport;74.9;401.3;18.7;Industrie
2018;Métallurgie, produits métalliques;70.6;415.6;17.0;Industrie
2018;Santé humaine;1441.7;1940.0;74.3;Autres secteurs
2018;Textile, habillement, cuir;76.2;110.6;68.9;Industrie
2018;Transports et entreposage;354.8;1431.9;24.8;Autres secteurs
2018;Électricité, gaz, vapeur;55.3;203.4;27.2;Industrie
2018;Équipements électriques;26.0;111.8;23.3;Industrie
2019;Activités financières et assurance;518.7;916.1;56.6;Autres secteurs
2019;Activités informatiques;128.4;501.5;25.6;Autres secteurs
2019;Activités spécialisées et soutien;1284.8;2687.0;47.8;Autres secteurs
2019;Admin. publique, enseignement, santé;5832.9;8472.7;68.8;Autres secteurs
2019;Agriculture, sylviculture et pêche;195.4;678.3;28.8;Autres secteurs
2019;Alimentation, boissons, tabac;296.0;679.7;43.5;Industrie
2019;Autres industries manufacturières;81.8;336.4;24.3;Industrie
2019;Bois, papier, imprimerie;48.2;186.8;25.8;Industrie
2019;Caoutchouc, plastiques, minéraux;76.7;311.2;24.6;Industrie
2019;Cokéfaction et raffinage;0.9;6.7;13.4;Industrie
2019;Commerce, transports, hébergement;2448.0;5830.9;42.0;Autres secteurs
2019;Construction;190.8;1823.5;10.5;Autres secteurs
2019;Eau, assainissement, déchets;49.4;209.1;23.6;Industrie
2019;Hébergement médico-social, action sociale;1622.2;1937.3;83.7;Autres secteurs
2019;Industrie (total);1057.9;3645.6;29.0;Autres secteurs
2019;Industrie chimique;57.6;163.2;35.3;Industrie
2019;Industrie pharmaceutique;43.7;89.1;49.0;Industrie
2019;Industries extractives;2.9;24.1;12.0;Industrie
2019;Information et communication;272.7;874.2;31.2;Autres secteurs
2019;Informatique, électronique, optique;50.0;154.0;32.5;Industrie
2019;Machines et équipements;33.4;213.5;15.6;Industrie
2019;Matériels de transport;82.9;409.4;20.2;Industrie
2019;Métallurgie, produits métalliques;70.7;418.8;16.9;Industrie
2019;Santé humaine;1508.5;2029.2;74.3;Autres secteurs
2019;Textile, habillement, cuir;78.5;121.1;64.8;Industrie
2019;Transports et entreposage;362.3;1411.3;25.7;Autres secteurs
2019;Électricité, gaz, vapeur;54.2;217.9;24.9;Industrie
2019;Équipements électriques;31.0;104.6;29.6;Industrie
2020;Activités financières et assurance;536.7;961.3;55.8;Autres secteurs
2020;Activités informatiques;142.2;541.4;26.3;Autres secteurs
2020;Activités spécialisées et soutien;1287.5;2696.5;47.7;Autres secteurs
2020;Admin. publique, enseignement, santé;5879.5;8551.7;68.8;Autres secteurs
2020;Agriculture, sylviculture et pêche;186.0;625.7;29.7;Autres secteurs
2020;Alimentation, boissons, tabac;258.3;642.9;40.2;Industrie
2020;Autres industries manufacturières;79.9;342.1;23.4;Industrie
2020;Bois, papier, imprimerie;47.8;189.7;25.2;Industrie
2020;Caoutchouc, plastiques, minéraux;70.6;279.4;25.3;Industrie
2020;Cokéfaction et raffinage;0.5;5.3;9.4;Industrie
2020;Commerce, transports, hébergement;2434.4;5775.1;42.2;Autres secteurs
2020;Construction;200.0;1797.4;11.1;Autres secteurs
2020;Eau, assainissement, déchets;45.6;199.5;22.9;Industrie
2020;Hébergement médico-social, action sociale;1571.8;1899.8;82.7;Autres secteurs
2020;Industrie (total);1001.9;3517.8;28.5;Autres secteurs
2020;Industrie chimique;55.6;161.2;34.5;Industrie
2020;Industrie pharmaceutique;42.8;91.6;46.7;Industrie
2020;Industries extractives;2.5;21.4;11.7;Industrie
2020;Information et communication;290.4;934.4;31.1;Autres secteurs
2020;Informatique, électronique, optique;51.0;155.3;32.8;Industrie
2020;Machines et équipements;36.4;192.3;18.9;Industrie
2020;Matériels de transport;80.0;382.6;20.9;Industrie
2020;Métallurgie, produits métalliques;57.5;408.8;14.1;Industrie
2020;Santé humaine;1511.3;2022.1;74.7;Autres secteurs
2020;Textile, habillement, cuir;90.0;136.9;65.7;Industrie
2020;Transports et entreposage;356.9;1385.0;25.8;Autres secteurs
2020;Électricité, gaz, vapeur;48.4;198.2;24.4;Industrie
2020;Équipements électriques;35.1;110.7;31.7;Industrie
2021;Activités financières et assurance;573.3;1007.2;56.9;Autres secteurs
2021;Activités informatiques;159.0;572.6;27.8;Autres secteurs
2021;Activités spécialisées et soutien;1376.2;2906.1;47.4;Autres secteurs
2021;Admin. publique, enseignement, santé;5787.7;8348.4;69.3;Autres secteurs
2021;Agriculture, sylviculture et pêche;191.5;675.9;28.3;Autres secteurs
2021;Alimentation, boissons, tabac;248.3;633.8;39.2;Industrie
2021;Autres industries manufacturières;92.0;359.3;25.6;Industrie
2021;Bois, papier, imprimerie;48.3;185.2;26.1;Industrie
2021;Caoutchouc, plastiques, minéraux;72.0;264.9;27.2;Industrie
2021;Cokéfaction et raffinage;1.8;10.0;18.0;Industrie
2021;Commerce, transports, hébergement;2485.0;5941.2;41.8;Autres secteurs
2021;Construction;226.2;1779.0;12.7;Autres secteurs
2021;Eau, assainissement, déchets;59.5;213.3;27.9;Industrie
2021;Hébergement médico-social, action sociale;1626.5;1970.9;82.5;Autres secteurs
2021;Industrie (total);1059.9;3482.6;30.4;Autres secteurs
2021;Industrie chimique;59.0;160.7;36.7;Industrie
2021;Industrie pharmaceutique;45.7;86.4;52.9;Industrie
2021;Industries extractives;4.0;28.0;14.3;Industrie
2021;Information et communication;311.0;989.9;31.4;Autres secteurs
2021;Informatique, électronique, optique;56.5;154.0;36.7;Industrie
2021;Machines et équipements;36.0;179.2;20.1;Industrie
2021;Matériels de transport;72.3;358.0;20.2;Industrie
2021;Métallurgie, produits métalliques;68.3;402.9;17.0;Industrie
2021;Santé humaine;1444.9;1912.8;75.5;Autres secteurs
2021;Textile, habillement, cuir;93.6;141.3;66.2;Industrie
2021;Transports et entreposage;366.8;1420.6;25.8;Autres secteurs
2021;Électricité, gaz, vapeur;66.7;194.9;34.2;Industrie
2021;Équipements électriques;35.8;110.7;32.3;Industrie
2022;Activités financières et assurance;539.4;955.4;56.5;Autres secteurs
2022;Activités informatiques;159.4;576.2;27.7;Autres secteurs
2022;Activités spécialisées et soutien;1461.7;3057.7;47.8;Autres secteurs
2022;Admin. publique, enseignement, santé;5833.8;8451.1;69.0;Autres secteurs
2022;Agriculture, sylviculture et pêche;214.5;722.1;29.7;Autres secteurs
2022;Alimentation, boissons, tabac;283.5;655.7;43.2;Industrie
2022;Autres industries manufacturières;93.2;362.4;25.7;Industrie
2022;Bois, papier, imprimerie;47.6;188.8;25.2;Industrie
2022;Caoutchouc, plastiques, minéraux;73.2;274.6;26.7;Industrie
2022;Cokéfaction et raffinage;0.7;6.6;10.6;Industrie
2022;Commerce, transports, hébergement;2655.2;6293.5;42.2;Autres secteurs
2022;Construction;235.1;1838.6;12.8;Autres secteurs
2022;Eau, assainissement, déchets;62.0;216.5;28.6;Industrie
2022;Hébergement médico-social, action sociale;1661.2;1982.5;83.8;Autres secteurs
2022;Industrie (total);1100.5;3535.3;31.1;Autres secteurs
2022;Industrie chimique;57.1;163.6;34.9;Industrie
2022;Industrie pharmaceutique;44.3;92.5;47.9;Industrie
2022;Industries extractives;6.4;39.1;16.4;Industrie
2022;Information et communication;297.3;977.2;30.4;Autres secteurs
2022;Informatique, électronique, optique;61.1;171.0;35.7;Industrie
2022;Machines et équipements;31.6;175.8;18.0;Industrie
2022;Matériels de transport;79.3;340.4;23.3;Industrie
2022;Métallurgie, produits métalliques;78.7;413.4;19.0;Industrie
2022;Santé humaine;1490.7;1979.7;75.3;Autres secteurs
2022;Textile, habillement, cuir;85.3;131.6;64.8;Industrie
2022;Transports et entreposage;384.0;1443.9;26.6;Autres secteurs
2022;Électricité, gaz, vapeur;60.1;183.6;32.7;Industrie
2022;Équipements électriques;36.4;119.8;30.4;Industrie
2023;Activités financières et assurance;534.6;941.9;56.8;Autres secteurs
2023;Activités informatiques;180.2;626.9;28.7;Autres secteurs
2023;Activités spécialisées et soutien;1593.3;3242.9;49.1;Autres secteurs
2023;Admin. publique, enseignement, santé;5997.4;8752.3;68.5;Autres secteurs
2023;Agriculture, sylviculture et pêche;223.8;710.0;31.5;Autres secteurs
2023;Alimentation, boissons, tabac;277.7;627.6;44.2;Industrie
2023;Autres industries manufacturières;106.8;368.3;29.0;Industrie
2023;Bois, papier, imprimerie;53.9;187.8;28.7;Industrie
2023;Caoutchouc, plastiques, minéraux;73.8;292.1;25.3;Industrie
2023;Cokéfaction et raffinage;1.8;6.2;29.0;Industrie
2023;Commerce, transports, hébergement;2603.3;6228.6;41.8;Autres secteurs
2023;Construction;236.8;1812.3;13.1;Autres secteurs
2023;Eau, assainissement, déchets;54.5;219.2;24.9;Industrie
2023;Hébergement médico-social, action sociale;1683.6;2020.9;83.3;Autres secteurs
2023;Industrie (total);1129.7;3641.6;31.0;Autres secteurs
2023;Industrie chimique;62.9;158.3;39.7;Industrie
2023;Industrie pharmaceutique;45.2;94.4;47.9;Industrie
2023;Industries extractives;6.1;34.9;17.5;Industrie
2023;Information et communication;320.0;1013.5;31.6;Autres secteurs
2023;Informatique, électronique, optique;58.8;170.5;34.5;Industrie
2023;Machines et équipements;42.5;191.6;22.2;Industrie
2023;Matériels de transport;77.4;369.8;20.9;Industrie
2023;Métallurgie, produits métalliques;77.6;443.5;17.5;Industrie
2023;Santé humaine;1549.2;2056.8;75.3;Autres secteurs
2023;Textile, habillement, cuir;86.6;141.4;61.2;Industrie
2023;Transports et entreposage;381.9;1445.7;26.4;Autres secteurs
2023;Électricité, gaz, vapeur;64.9;216.9;29.9;Industrie
2023;Équipements électriques;39.1;119.2;32.8;Industrie
2024;Activités financières et assurance;540.8;973.8;55.5;Autres secteurs
2024;Activités informatiques;178.3;639.8;27.9;Autres secteurs
2024;Activités spécialisées et soutien;1604.9;3251.1;49.4;Autres secteurs
2024;Admin. publique, enseignement, santé;5903.4;8580.1;68.8;Autres secteurs
2024;Agriculture, sylviculture et pêche;201.1;681.5;29.5;Autres secteurs
2024;Alimentation, boissons, tabac;258.6;620.4;41.7;Industrie
2024;Autres industries manufacturières;107.8;364.5;29.6;Industrie
2024;Bois, papier, imprimerie;57.4;192.3;29.8;Industrie
2024;Caoutchouc, plastiques, minéraux;65.2;270.4;24.1;Industrie
2024;Cokéfaction et raffinage;1.3;6.0;21.7;Industrie
2024;Commerce, transports, hébergement;2664.9;6367.6;41.9;Autres secteurs
2024;Construction;244.4;1909.1;12.8;Autres secteurs
2024;Eau, assainissement, déchets;71.6;256.1;28.0;Industrie
2024;Hébergement médico-social, action sociale;1610.1;1943.5;82.8;Autres secteurs
2024;Industrie (total);1123.5;3656.1;30.7;Autres secteurs
2024;Industrie chimique;66.2;162.7;40.7;Industrie
2024;Industrie pharmaceutique;47.3;86.3;54.8;Industrie
2024;Industries extractives;4.1;28.5;14.4;Industrie
2024;Information et communication;324.3;1034.7;31.3;Autres secteurs
2024;Informatique, électronique, optique;59.6;169.6;35.1;Industrie
2024;Machines et équipements;40.8;195.2;20.9;Industrie
2024;Matériels de transport;72.6;357.2;20.3;Industrie
2024;Métallurgie, produits métalliques;77.3;450.6;17.2;Industrie
2024;Santé humaine;1507.0;1992.0;75.7;Autres secteurs
2024;Textile, habillement, cuir;86.4;137.0;63.1;Industrie
2024;Transports et entreposage;366.8;1460.0;25.1;Autres secteurs
2024;Électricité, gaz, vapeur;81.2;250.9;32.4;Industrie
2024;Équipements électriques;26.1;108.4;24.1;Industrie
