SEXE;NAFG038UN;PCS1;POPEMPL;POURCENT
ENSEMBLE;zz;z;28341,1;100
ENSEMBLE;XX;z;434;100
ENSEMBLE;UZ;z;14,9;100
ENSEMBLE;TZ;z;249,1;100
ENSEMBLE;SZ;z;843,7;100
ENSEMBLE;RZ;z;620;100
ENSEMBLE;RU;z;1727,7;100
ENSEMBLE;QB;z;1982,5;100
ENSEMBLE;QA;z;1979,7;100
ENSEMBLE;PZ;z;2146,8;100
ENSEMBLE;OZ;z;2342;100
ENSEMBLE;OQ;z;8451,1;100
ENSEMBLE;NZ;z;1205;100
ENSEMBLE;MN;z;3057,7;100
ENSEMBLE;MC;z;308,1;100
ENSEMBLE;MB;z;176,9;100
ENSEMBLE;MA;z;1367,7;100
ENSEMBLE;LZ;z;348,6;100
ENSEMBLE;KZ;z;955,4;100
ENSEMBLE;JZ;z;977,2;100
ENSEMBLE;JC;z;576,2;100
ENSEMBLE;JB;z;116,2;100
ENSEMBLE;JA;z;284,8;100
ENSEMBLE;IZ;z;1144,3;100
ENSEMBLE;HZ;z;1443,9;100
ENSEMBLE;GZ;z;3705,3;100
ENSEMBLE;GI;z;6293,5;100
ENSEMBLE;FZ;z;1838,6;100
ENSEMBLE;EZ;z;216,5;100
ENSEMBLE;EV;z;21811,2;100
ENSEMBLE;ET;z;3535,3;100
ENSEMBLE;DZ;z;183,6;100
ENSEMBLE;CM;z;362,4;100
ENSEMBLE;CL;z;340,4;100
ENSEMBLE;CK;z;175,8;100
ENSEMBLE;CJ;z;119,8;100
ENSEMBLE;CI;z;171;100
ENSEMBLE;CH;z;413,4;100
ENSEMBLE;CG;z;274,6;100
ENSEMBLE;CF;z;92,5;100
ENSEMBLE;CE;z;163,6;100
ENSEMBLE;CD;z;6,6;100
ENSEMBLE;CC;z;188,8;100
ENSEMBLE;CB;z;131,6;100
ENSEMBLE;CA;z;655,7;100
ENSEMBLE;BZ;z;39,1;100
ENSEMBLE;AZ;z;722,1;100
ENSEMBLE;zz;X;119,7;0,4
ENSEMBLE;XX;X;45,6;10,5
ENSEMBLE;UZ;X;0,2;1,4
ENSEMBLE;TZ;X;1,3;0,5
ENSEMBLE;SZ;X;1,8;0,2
ENSEMBLE;RZ;X;4,7;0,8
ENSEMBLE;RU;X;8;0,5
ENSEMBLE;QB;X;5,7;0,3
ENSEMBLE;QA;X;2,4;0,1
ENSEMBLE;PZ;X;6,7;0,3
ENSEMBLE;OZ;X;26,1;1,1
ENSEMBLE;OQ;X;40,9;0,5
ENSEMBLE;NZ;X;1,2;0,1
ENSEMBLE;MN;X;3,9;0,1
ENSEMBLE;MC;X;0;0
ENSEMBLE;MB;X;0,1;0,1
ENSEMBLE;MA;X;2,5;0,2
ENSEMBLE;LZ;X;1,6;0,5
ENSEMBLE;KZ;X;0,8;0,1
ENSEMBLE;JZ;X;1,6;0,2
ENSEMBLE;JC;X;0,6;0,1
ENSEMBLE;JB;X;0,1;0
ENSEMBLE;JA;X;0,9;0,3
ENSEMBLE;IZ;X;2,2;0,2
ENSEMBLE;HZ;X;1,4;0,1
ENSEMBLE;GZ;X;4,1;0,1
ENSEMBLE;GI;X;7,7;0,1
ENSEMBLE;FZ;X;1,4;0,1
ENSEMBLE;EZ;X;0,6;0,3
ENSEMBLE;EV;X;64,5;0,3
ENSEMBLE;ET;X;7,3;0,2
ENSEMBLE;DZ;X;1,6;0,9
ENSEMBLE;CM;X;0,7;0,2
ENSEMBLE;CL;X;0,8;0,2
ENSEMBLE;CK;X;0;0
ENSEMBLE;CJ;X;0;0
ENSEMBLE;CI;X;0,1;0,1
ENSEMBLE;CH;X;0,2;0,1
ENSEMBLE;CG;X;0,6;0,2
ENSEMBLE;CF;X;0,7;0,7
ENSEMBLE;CE;X;0;0
ENSEMBLE;CD;X;0;0
ENSEMBLE;CC;X;0;0
ENSEMBLE;CB;X;0;0
ENSEMBLE;CA;X;2,1;0,3
ENSEMBLE;BZ;X;0;0
ENSEMBLE;AZ;X;0,9;0,1
ENSEMBLE;zz;6;5363,4;18,9
ENSEMBLE;XX;6;92,8;21,4
ENSEMBLE;UZ;6;1,1;7,5
ENSEMBLE;TZ;6;14,6;5,9
ENSEMBLE;SZ;6;72,1;8,5
ENSEMBLE;RZ;6;58,4;9,4
ENSEMBLE;RU;6;146,2;8,5
ENSEMBLE;QB;6;136,6;6,9
ENSEMBLE;QA;6;47,2;2,4
ENSEMBLE;PZ;6;54,8;2,6
ENSEMBLE;OZ;6;237;10,1
ENSEMBLE;OQ;6;475,7;5,6
ENSEMBLE;NZ;6;390;32,4
ENSEMBLE;MN;6;460,6;15,1
ENSEMBLE;MC;6;23;7,4
ENSEMBLE;MB;6;6,2;3,5
ENSEMBLE;MA;6;41,4;3
ENSEMBLE;LZ;6;15,9;4,6
ENSEMBLE;KZ;6;24,7;2,6
ENSEMBLE;JZ;6;21,3;2,2
ENSEMBLE;JC;6;8,2;1,4
ENSEMBLE;JB;6;2,9;2,5
ENSEMBLE;JA;6;10,1;3,6
ENSEMBLE;IZ;6;195,4;17,1
ENSEMBLE;HZ;6;704,7;48,8
ENSEMBLE;GZ;6;668;18
ENSEMBLE;GI;6;1568,1;24,9
ENSEMBLE;FZ;6;840,1;45,7
ENSEMBLE;EZ;6;93,5;43,2
ENSEMBLE;EV;6;2712,5;12,4
ENSEMBLE;ET;6;1497,2;42,3
ENSEMBLE;DZ;6;10,3;5,6
ENSEMBLE;CM;6;123,7;34,1
ENSEMBLE;CL;6;130,8;38,4
ENSEMBLE;CK;6;71;40,4
ENSEMBLE;CJ;6;51,1;42,7
ENSEMBLE;CI;6;54,7;32
ENSEMBLE;CH;6;222,7;53,9
ENSEMBLE;CG;6;140,9;51,3
ENSEMBLE;CF;6;15;16,3
ENSEMBLE;CE;6;50,2;30,7
ENSEMBLE;CD;6;3;44,9
ENSEMBLE;CC;6;102,7;54,4
ENSEMBLE;CB;6;73,4;55,8
ENSEMBLE;CA;6;333,6;50,9
ENSEMBLE;BZ;6;20,7;52,9
ENSEMBLE;AZ;6;220,8;30,6
ENSEMBLE;zz;5;7359,5;26
ENSEMBLE;XX;5;102,9;23,7
ENSEMBLE;UZ;5;3,7;24,8
ENSEMBLE;TZ;5;231,5;93
ENSEMBLE;SZ;5;242,8;28,8
ENSEMBLE;RZ;5;129,5;20,9
ENSEMBLE;RU;5;607,5;35,2
ENSEMBLE;QB;5;1214,2;61,2
ENSEMBLE;QA;5;628,7;31,8
ENSEMBLE;PZ;5;432,6;20,2
ENSEMBLE;OZ;5;905,1;38,6
ENSEMBLE;OQ;5;3180,5;37,6
ENSEMBLE;NZ;5;355,1;29,5
ENSEMBLE;MN;5;609,2;19,9
ENSEMBLE;MC;5;37,4;12,1
ENSEMBLE;MB;5;7,3;4,1
ENSEMBLE;MA;5;209,4;15,3
ENSEMBLE;LZ;5;103,1;29,6
ENSEMBLE;KZ;5;281;29,4
ENSEMBLE;JZ;5;58;5,9
ENSEMBLE;JC;5;28,9;5
ENSEMBLE;JB;5;12,1;10,4
ENSEMBLE;JA;5;17;6
ENSEMBLE;IZ;5;535,4;46,8
ENSEMBLE;HZ;5;242,1;16,8
ENSEMBLE;GZ;5;1242,3;33,5
ENSEMBLE;GI;5;2019,8;32,1
ENSEMBLE;FZ;5;116,1;6,3
ENSEMBLE;EZ;5;26,8;12,4
ENSEMBLE;EV;5;6859,1;31,4
ENSEMBLE;ET;5;257,1;7,3
ENSEMBLE;DZ;5;17,2;9,4
ENSEMBLE;CM;5;20;5,5
ENSEMBLE;CL;5;6,2;1,8
ENSEMBLE;CK;5;8,6;4,9
ENSEMBLE;CJ;5;3,3;2,7
ENSEMBLE;CI;5;6,8;4
ENSEMBLE;CH;5;19,3;4,7
ENSEMBLE;CG;5;16,9;6,1
ENSEMBLE;CF;5;5,7;6,1
ENSEMBLE;CE;5;4,8;3
ENSEMBLE;CD;5;0,3;4,4
ENSEMBLE;CC;5;9,3;4,9
ENSEMBLE;CB;5;6,9;5,3
ENSEMBLE;CA;5;102,2;15,6
ENSEMBLE;BZ;5;2,8;7,2
ENSEMBLE;AZ;5;24,5;3,4
ENSEMBLE;zz;4;6979,2;24,6
ENSEMBLE;XX;4;74,3;17,1
ENSEMBLE;UZ;4;2,2;14,7
ENSEMBLE;TZ;4;1,6;0,6
ENSEMBLE;SZ;4;174,9;20,7
ENSEMBLE;RZ;4;225,6;36,4
ENSEMBLE;RU;4;404,3;23,4
ENSEMBLE;QB;4;521,7;26,3
ENSEMBLE;QA;4;873,3;44,1
ENSEMBLE;PZ;4;889,4;41,4
ENSEMBLE;OZ;4;688,4;29,4
ENSEMBLE;OQ;4;2972,8;35,2
ENSEMBLE;NZ;4;201,5;16,7
ENSEMBLE;MN;4;641,9;21
ENSEMBLE;MC;4;101,2;32,8
ENSEMBLE;MB;4;32,6;18,4
ENSEMBLE;MA;4;306,6;22,4
ENSEMBLE;LZ;4;84,6;24,3
ENSEMBLE;KZ;4;176,2;18,4
ENSEMBLE;JZ;4;210;21,5
ENSEMBLE;JC;4;115;20
ENSEMBLE;JB;4;37,1;31,9
ENSEMBLE;JA;4;57,8;20,3
ENSEMBLE;IZ;4;160,9;14,1
ENSEMBLE;HZ;4;244;16,9
ENSEMBLE;GZ;4;802,6;21,7
ENSEMBLE;GI;4;1207,5;19,2
ENSEMBLE;FZ;4;293,1;15,9
ENSEMBLE;EZ;4;66,6;30,8
ENSEMBLE;EV;4;5697,4;26,1
ENSEMBLE;ET;4;878,2;24,8
ENSEMBLE;DZ;4;89,9;48,9
ENSEMBLE;CM;4;100,2;27,7
ENSEMBLE;CL;4;82,3;24,2
ENSEMBLE;CK;4;53;30,2
ENSEMBLE;CJ;4;31,3;26,2
ENSEMBLE;CI;4;32,4;19
ENSEMBLE;CH;4;100,2;24,2
ENSEMBLE;CG;4;58,4;21,3
ENSEMBLE;CF;4;30,8;33,2
ENSEMBLE;CE;4;57;34,9
ENSEMBLE;CD;4;1,9;28,7
ENSEMBLE;CC;4;40,3;21,3
ENSEMBLE;CB;4;17,3;13,1
ENSEMBLE;CA;4;106,8;16,3
ENSEMBLE;BZ;4;10;25,4
ENSEMBLE;AZ;4;36,1;5
ENSEMBLE;zz;3;6138,7;21,7
ENSEMBLE;XX;3;60,9;14
ENSEMBLE;UZ;3;7,7;51,6
ENSEMBLE;TZ;3;0;0
ENSEMBLE;SZ;3;140,9;16,7
ENSEMBLE;RZ;3;182,3;29,4
ENSEMBLE;RU;3;330,9;19,2
ENSEMBLE;QB;3;98,5;5
ENSEMBLE;QA;3;388,1;19,6
ENSEMBLE;PZ;3;754,1;35,1
ENSEMBLE;OZ;3;484,9;20,7
ENSEMBLE;OQ;3;1725,5;20,4
ENSEMBLE;NZ;3;162,2;13,5
ENSEMBLE;MN;3;1171;38,3
ENSEMBLE;MC;3;129,7;42,1
ENSEMBLE;MB;3;130;73,5
ENSEMBLE;MA;3;749,1;54,8
ENSEMBLE;LZ;3;59,6;17,1
ENSEMBLE;KZ;3;430,3;45
ENSEMBLE;JZ;3;659;67,4
ENSEMBLE;JC;3;403,7;70,1
ENSEMBLE;JB;3;62,6;53,8
ENSEMBLE;JA;3;192,7;67,7
ENSEMBLE;IZ;3;65,9;5,8
ENSEMBLE;HZ;3;171;11,8
ENSEMBLE;GZ;3;556,6;15
ENSEMBLE;GI;3;793,5;12,6
ENSEMBLE;FZ;3;166,4;9,1
ENSEMBLE;EZ;3;25,2;11,6
ENSEMBLE;EV;3;5169,9;23,7
ENSEMBLE;ET;3;724,2;20,5
ENSEMBLE;DZ;3;60,9;33,2
ENSEMBLE;CM;3;72;19,9
ENSEMBLE;CL;3;116,7;34,3
ENSEMBLE;CK;3;41,5;23,6
ENSEMBLE;CJ;3;33,2;27,8
ENSEMBLE;CI;3;76,3;44,6
ENSEMBLE;CH;3;56,8;13,7
ENSEMBLE;CG;3;46,8;17
ENSEMBLE;CF;3;40,4;43,6
ENSEMBLE;CE;3;49,1;30
ENSEMBLE;CD;3;1,4;21,9
ENSEMBLE;CC;3;24,1;12,7
ENSEMBLE;CB;3;14;10,6
ENSEMBLE;CA;3;60,1;9,2
ENSEMBLE;BZ;3;5,7;14,5
ENSEMBLE;AZ;3;17,4;2,4
ENSEMBLE;zz;2;1934,2;6,8
ENSEMBLE;XX;2;34,6;8
ENSEMBLE;UZ;2;0;0
ENSEMBLE;TZ;2;0;0
ENSEMBLE;SZ;2;208,8;24,8
ENSEMBLE;RZ;2;17,9;2,9
ENSEMBLE;RU;2;226,7;13,1
ENSEMBLE;QB;2;5,8;0,3
ENSEMBLE;QA;2;40;2
ENSEMBLE;PZ;2;8,6;0,4
ENSEMBLE;OZ;2;0,5;0
ENSEMBLE;OQ;2;54,9;0,6
ENSEMBLE;NZ;2;90,9;7,5
ENSEMBLE;MN;2;166,4;5,4
ENSEMBLE;MC;2;16,8;5,5
ENSEMBLE;MB;2;0;0
ENSEMBLE;MA;2;58,7;4,3
ENSEMBLE;LZ;2;83,2;23,9
ENSEMBLE;KZ;2;41,5;4,3
ENSEMBLE;JZ;2;27,1;2,8
ENSEMBLE;JC;2;19,8;3,4
ENSEMBLE;JB;2;1,4;1,2
ENSEMBLE;JA;2;5,9;2,1
ENSEMBLE;IZ;2;183,3;16
ENSEMBLE;HZ;2;80,7;5,6
ENSEMBLE;GZ;2;425,8;11,5
ENSEMBLE;GI;2;689,8;11
ENSEMBLE;FZ;2;420;22,8
ENSEMBLE;EZ;2;3,9;1,8
ENSEMBLE;EV;2;1289,7;5,9
ENSEMBLE;ET;2;170;4,8
ENSEMBLE;DZ;2;2,4;1,3
ENSEMBLE;CM;2;45,7;12,6
ENSEMBLE;CL;2;3,6;1,1
ENSEMBLE;CK;2;1,7;1
ENSEMBLE;CJ;2;0,8;0,7
ENSEMBLE;CI;2;0,7;0,4
ENSEMBLE;CH;2;14,1;3,4
ENSEMBLE;CG;2;11,1;4
ENSEMBLE;CF;2;0;0
ENSEMBLE;CE;2;2,5;1,5
ENSEMBLE;CD;2;0;0
ENSEMBLE;CC;2;12,5;6,6
ENSEMBLE;CB;2;20;15,2
ENSEMBLE;CA;2;51;7,8
ENSEMBLE;BZ;2;0;0
ENSEMBLE;AZ;2;19,9;2,7
ENSEMBLE;zz;1;446,4;1,6
ENSEMBLE;XX;1;22,9;5,3
ENSEMBLE;UZ;1;0;0
ENSEMBLE;TZ;1;0;0
ENSEMBLE;SZ;1;2,3;0,3
ENSEMBLE;RZ;1;1,7;0,3
ENSEMBLE;RU;1;4;0,2
ENSEMBLE;QB;1;0;0
ENSEMBLE;QA;1;0;0
ENSEMBLE;PZ;1;0,6;0
ENSEMBLE;OZ;1;0;0
ENSEMBLE;OQ;1;0,7;0
ENSEMBLE;NZ;1;3,9;0,3
ENSEMBLE;MN;1;4,6;0,1
ENSEMBLE;MC;1;0;0
ENSEMBLE;MB;1;0,6;0,4
ENSEMBLE;MA;1;0;0
ENSEMBLE;LZ;1;0,6;0,2
ENSEMBLE;KZ;1;0,9;0,1
ENSEMBLE;JZ;1;0,3;0
ENSEMBLE;JC;1;0;0
ENSEMBLE;JB;1;0;0
ENSEMBLE;JA;1;0,3;0,1
ENSEMBLE;IZ;1;1,2;0,1
ENSEMBLE;HZ;1;0;0
ENSEMBLE;GZ;1;5,8;0,2
ENSEMBLE;GI;1;7;0,1
ENSEMBLE;FZ;1;1,5;0,1
ENSEMBLE;EZ;1;0;0
ENSEMBLE;EV;1;18,1;0,1
ENSEMBLE;ET;1;1,3;0
ENSEMBLE;DZ;1;1,3;0,7
ENSEMBLE;CM;1;0;0
ENSEMBLE;CL;1;0;0
ENSEMBLE;CK;1;0;0
ENSEMBLE;CJ;1;0;0
ENSEMBLE;CI;1;0;0
ENSEMBLE;CH;1;0;0
ENSEMBLE;CG;1;0;0
ENSEMBLE;CF;1;0;0
ENSEMBLE;CE;1;0;0
ENSEMBLE;CD;1;0;0
ENSEMBLE;CC;1;0;0
ENSEMBLE;CB;1;0;0
ENSEMBLE;CA;1;0;0
ENSEMBLE;BZ;1;0;0
ENSEMBLE;AZ;1;402,6;55,8
FEMMES;zz;z;13866,8;48,9
FEMMES;XX;z;221,7;51,1
FEMMES;UZ;z;7,5;50,6
FEMMES;TZ;z;221,7;89
FEMMES;SZ;z;568,1;67,3
FEMMES;RZ;z;313,8;50,6
FEMMES;RU;z;1111,1;64,3
FEMMES;QB;z;1661,2;83,8
FEMMES;QA;z;1490,7;75,3
FEMMES;PZ;z;1468,2;68,4
FEMMES;OZ;z;1213,6;51,8
FEMMES;OQ;z;5833,8;69
FEMMES;NZ;z;572,7;47,5
FEMMES;MN;z;1461,7;47,8
FEMMES;MC;z;156,9;50,9
FEMMES;MB;z;74,4;42,1
FEMMES;MA;z;657,6;48,1
FEMMES;LZ;z;196,5;56,4
FEMMES;KZ;z;539,4;56,5
FEMMES;JZ;z;297,3;30,4
FEMMES;JC;z;159,4;27,7
FEMMES;JB;z;38;32,7
FEMMES;JA;z;99,8;35,1
FEMMES;IZ;z;553,6;48,4
FEMMES;HZ;z;384;26,6
FEMMES;GZ;z;1717,7;46,4
FEMMES;GI;z;2655,2;42,2
FEMMES;FZ;z;235,1;12,8
FEMMES;EZ;z;62;28,6
FEMMES;EV;z;12095;55,5
FEMMES;ET;z;1100,5;31,1
FEMMES;DZ;z;60,1;32,7
FEMMES;CM;z;93,2;25,7
FEMMES;CL;z;79,3;23,3
FEMMES;CK;z;31,6;18
FEMMES;CJ;z;36,4;30,4
FEMMES;CI;z;61,1;35,8
FEMMES;CH;z;78,7;19
FEMMES;CG;z;73,2;26,7
FEMMES;CF;z;44,3;47,8
FEMMES;CE;z;57,1;34,9
FEMMES;CD;z;0,7;10,9
FEMMES;CC;z;47,6;25,2
FEMMES;CB;z;85,3;64,8
FEMMES;CA;z;283,5;43,2
FEMMES;BZ;z;6,4;16,4
FEMMES;AZ;z;214,5;29,7
FEMMES;zz;X;47,5;0,2
FEMMES;XX;X;20;4,6
FEMMES;UZ;X;0;0
FEMMES;TZ;X;0,7;0,3
FEMMES;SZ;X;1,6;0,2
FEMMES;RZ;X;2,8;0,5
FEMMES;RU;X;5;0,3
FEMMES;QB;X;3;0,1
FEMMES;QA;X;1,4;0,1
FEMMES;PZ;X;3,1;0,1
FEMMES;OZ;X;5,2;0,2
FEMMES;OQ;X;12,7;0,2
FEMMES;NZ;X;0,3;0
FEMMES;MN;X;2,2;0,1
FEMMES;MC;X;0;0
FEMMES;MB;X;0;0
FEMMES;MA;X;1,9;0,1
FEMMES;LZ;X;0,4;0,1
FEMMES;KZ;X;0,5;0,1
FEMMES;JZ;X;0,2;0
FEMMES;JC;X;0;0
FEMMES;JB;X;0,1;0
FEMMES;JA;X;0,1;0
FEMMES;IZ;X;0,9;0,1
FEMMES;HZ;X;0,6;0
FEMMES;GZ;X;1,1;0
FEMMES;GI;X;2,7;0
FEMMES;FZ;X;0,4;0
FEMMES;EZ;X;0,6;0,3
FEMMES;EV;X;23,8;0,1
FEMMES;ET;X;3,2;0,1
FEMMES;DZ;X;0,1;0
FEMMES;CM;X;0,3;0,1
FEMMES;CL;X;0;0
FEMMES;CK;X;0;0
FEMMES;CJ;X;0;0
FEMMES;CI;X;0;0
FEMMES;CH;X;0;0
FEMMES;CG;X;0,3;0,1
FEMMES;CF;X;0,7;0,7
FEMMES;CE;X;0;0
FEMMES;CD;X;0;0
FEMMES;CC;X;0;0
FEMMES;CB;X;0;0
FEMMES;CA;X;1,2;0,2
FEMMES;BZ;X;0;0
FEMMES;AZ;X;0,1;0
FEMMES;zz;6;1118,3;3,9
FEMMES;XX;6;21,1;4,9
FEMMES;UZ;6;0,4;2,9
FEMMES;TZ;6;3,1;1,2
FEMMES;SZ;6;27,9;3,3
FEMMES;RZ;6;16,6;2,7
FEMMES;RU;6;48;2,8
FEMMES;QB;6;55;2,8
FEMMES;QA;6;17,7;0,9
FEMMES;PZ;6;20,4;1
FEMMES;OZ;6;25,6;1,1
FEMMES;OQ;6;118,8;1,4
FEMMES;NZ;6;162,3;13,5
FEMMES;MN;6;181,1;5,9
FEMMES;MC;6;8,3;2,7
FEMMES;MB;6;1,6;0,9
FEMMES;MA;6;9;0,7
FEMMES;LZ;6;4,3;1,2
FEMMES;KZ;6;7,4;0,8
FEMMES;JZ;6;7,8;0,8
FEMMES;JC;6;3,1;0,5
FEMMES;JB;6;0,3;0,3
FEMMES;JA;6;4,4;1,5
FEMMES;IZ;6;53,1;4,6
FEMMES;HZ;6;96,1;6,7
FEMMES;GZ;6;112,8;3
FEMMES;GI;6;262;4,2
FEMMES;FZ;6;16,8;0,9
FEMMES;EZ;6;7,2;3,3
FEMMES;EV;6;629,4;2,9
FEMMES;ET;6;391,4;11,1
FEMMES;DZ;6;2,9;1,6
FEMMES;CM;6;28,4;7,8
FEMMES;CL;6;36,4;10,7
FEMMES;CK;6;9;5,1
FEMMES;CJ;6;20,7;17,3
FEMMES;CI;6;27,9;16,3
FEMMES;CH;6;35,9;8,7
FEMMES;CG;6;29,9;10,9
FEMMES;CF;6;2,9;3,2
FEMMES;CE;6;12;7,3
FEMMES;CD;6;0;0
FEMMES;CC;6;19,7;10,4
FEMMES;CB;6;45,6;34,6
FEMMES;CA;6;112,4;17,1
FEMMES;BZ;6;0,7;1,8
FEMMES;AZ;6;59,6;8,3
FEMMES;zz;5;5560,3;19,6
FEMMES;XX;5;81;18,7
FEMMES;UZ;5;2,2;14,6
FEMMES;TZ;5;216,6;87
FEMMES;SZ;5;199,5;23,6
FEMMES;RZ;5;88,9;14,3
FEMMES;RU;5;507,1;29,4
FEMMES;QB;5;1125,1;56,8
FEMMES;QA;5;505,8;25,5
FEMMES;PZ;5;379,7;17,7
FEMMES;OZ;5;532,3;22,7
FEMMES;OQ;5;2543;30,1
FEMMES;NZ;5;225;18,7
FEMMES;MN;5;432,4;14,1
FEMMES;MC;5;30,3;9,8
FEMMES;MB;5;5,4;3,1
FEMMES;MA;5;171,7;12,6
FEMMES;LZ;5;76,5;21,9
FEMMES;KZ;5;214,6;22,5
FEMMES;JZ;5;44,2;4,5
FEMMES;JC;5;24,4;4,2
FEMMES;JB;5;9,5;8,1
FEMMES;JA;5;10,3;3,6
FEMMES;IZ;5;324,4;28,3
FEMMES;HZ;5;139,2;9,6
FEMMES;GZ;5;864,9;23,3
FEMMES;GI;5;1328,5;21,1
FEMMES;FZ;5;103,9;5,6
FEMMES;EZ;5;18,4;8,5
FEMMES;EV;5;5146,2;23,6
FEMMES;ET;5;206,7;5,8
FEMMES;DZ;5;12,8;7
FEMMES;CM;5;16,7;4,6
FEMMES;CL;5;3,7;1,1
FEMMES;CK;5;6,2;3,5
FEMMES;CJ;5;2,1;1,7
FEMMES;CI;5;6,8;4
FEMMES;CH;5;16,4;4
FEMMES;CG;5;10,4;3,8
FEMMES;CF;5;3,6;3,9
FEMMES;CE;5;4,1;2,5
FEMMES;CD;5;0;0
FEMMES;CC;5;7,7;4,1
FEMMES;CB;5;6,2;4,7
FEMMES;CA;5;89,5;13,6
FEMMES;BZ;5;2,3;5,9
FEMMES;AZ;5;22,6;3,1
FEMMES;zz;4;3778,3;13,3
FEMMES;XX;4;41,7;9,6
FEMMES;UZ;4;2;13,2
FEMMES;TZ;4;1,4;0,6
FEMMES;SZ;4;103;12,2
FEMMES;RZ;4;105,4;17
FEMMES;RU;4;211,7;12,3
FEMMES;QB;4;407,6;20,6
FEMMES;QA;4;706,4;35,7
FEMMES;PZ;4;636,1;29,6
FEMMES;OZ;4;399,8;17,1
FEMMES;OQ;4;2149,8;25,4
FEMMES;NZ;4;88,5;7,3
FEMMES;MN;4;309,5;10,1
FEMMES;MC;4;53;17,2
FEMMES;MB;4;14,6;8,3
FEMMES;MA;4;153,4;11,2
FEMMES;LZ;4;52;14,9
FEMMES;KZ;4;111,3;11,7
FEMMES;JZ;4;59,8;6,1
FEMMES;JC;4;33,2;5,8
FEMMES;JB;4;7,9;6,8
FEMMES;JA;4;18,7;6,6
FEMMES;IZ;4;73,9;6,5
FEMMES;HZ;4;82,5;5,7
FEMMES;GZ;4;386,7;10,4
FEMMES;GI;4;543;8,6
FEMMES;FZ;4;49,5;2,7
FEMMES;EZ;4;24,8;11,5
FEMMES;EV;4;3437,2;15,8
FEMMES;ET;4;234,7;6,6
FEMMES;DZ;4;22,3;12,1
FEMMES;CM;4;19,5;5,4
FEMMES;CL;4;14,5;4,2
FEMMES;CK;4;9,8;5,6
FEMMES;CJ;4;6,6;5,5
FEMMES;CI;4;8,5;5
FEMMES;CH;4;15,2;3,7
FEMMES;CG;4;13,6;5
FEMMES;CF;4;15,7;16,9
FEMMES;CE;4;18,2;11,1
FEMMES;CD;4;0,1;1,9
FEMMES;CC;4;10,5;5,6
FEMMES;CB;4;10,3;7,8
FEMMES;CA;4;42,1;6,4
FEMMES;BZ;4;3;7,6
FEMMES;AZ;4;15,2;2,1
FEMMES;zz;3;2623,1;9,3
FEMMES;XX;3;30,4;7
FEMMES;UZ;3;3;19,9
FEMMES;TZ;3;0;0
FEMMES;SZ;3;75,5;8,9
FEMMES;RZ;3;90,2;14,6
FEMMES;RU;3;168,7;9,8
FEMMES;QB;3;66,8;3,4
FEMMES;QA;3;227,6;11,5
FEMMES;PZ;3;422,1;19,7
FEMMES;OZ;3;250,6;10,7
FEMMES;OQ;3;967,2;11,4
FEMMES;NZ;3;76,1;6,3
FEMMES;MN;3;490,4;16
FEMMES;MC;3;56,1;18,2
FEMMES;MB;3;52,2;29,5
FEMMES;MA;3;306;22,4
FEMMES;LZ;3;26,5;7,6
FEMMES;KZ;3;197,6;20,7
FEMMES;JZ;3;181,8;18,6
FEMMES;JC;3;96,6;16,8
FEMMES;JB;3;20,2;17,4
FEMMES;JA;3;64,9;22,8
FEMMES;IZ;3;28,5;2,5
FEMMES;HZ;3;58,6;4,1
FEMMES;GZ;3;211;5,7
FEMMES;GI;3;298,1;4,7
FEMMES;FZ;3;45,2;2,5
FEMMES;EZ;3;11;5,1
FEMMES;EV;3;2330,1;10,7
FEMMES;ET;3;209,9;5,9
FEMMES;DZ;3;21;11,5
FEMMES;CM;3;16;4,4
FEMMES;CL;3;24;7
FEMMES;CK;3;6,7;3,8
FEMMES;CJ;3;6,7;5,6
FEMMES;CI;3;18;10,5
FEMMES;CH;3;10,8;2,6
FEMMES;CG;3;15,5;5,6
FEMMES;CF;3;21,4;23,1
FEMMES;CE;3;20,5;12,5
FEMMES;CD;3;0,6;9
FEMMES;CC;3;7,7;4,1
FEMMES;CB;3;6,2;4,7
FEMMES;CA;3;23,5;3,6
FEMMES;BZ;3;0,4;1,1
FEMMES;AZ;3;7,5;1
FEMMES;zz;2;613,5;2,2
FEMMES;XX;2;15;3,5
FEMMES;UZ;2;0;0
FEMMES;TZ;2;0;0
FEMMES;SZ;2;159,5;18,9
FEMMES;RZ;2;8,4;1,3
FEMMES;RU;2;167,8;9,7
FEMMES;QB;2;3,7;0,2
FEMMES;QA;2;31,9;1,6
FEMMES;PZ;2;6,7;0,3
FEMMES;OZ;2;0;0
FEMMES;OQ;2;42,2;0,5
FEMMES;NZ;2;20,4;1,7
FEMMES;MN;2;45,2;1,5
FEMMES;MC;2;9,2;3
FEMMES;MB;2;0;0
FEMMES;MA;2;15,7;1,1
FEMMES;LZ;2;36,8;10,6
FEMMES;KZ;2;8;0,8
FEMMES;JZ;2;3,5;0,4
FEMMES;JC;2;2,1;0,4
FEMMES;JB;2;0;0
FEMMES;JA;2;1,4;0,5
FEMMES;IZ;2;72,7;6,4
FEMMES;HZ;2;7;0,5
FEMMES;GZ;2;139,6;3,8
FEMMES;GI;2;219,4;3,5
FEMMES;FZ;2;19,1;1
FEMMES;EZ;2;0;0
FEMMES;EV;2;523;2,4
FEMMES;ET;2;53,9;1,5
FEMMES;DZ;2;0,3;0,1
FEMMES;CM;2;12,4;3,4
FEMMES;CL;2;0,8;0,2
FEMMES;CK;2;0;0
FEMMES;CJ;2;0,4;0,3
FEMMES;CI;2;0;0
FEMMES;CH;2;0,3;0,1
FEMMES;CG;2;3,5;1,3
FEMMES;CF;2;0;0
FEMMES;CE;2;2,3;1,4
FEMMES;CD;2;0;0
FEMMES;CC;2;2;1,1
FEMMES;CB;2;17,1;13
FEMMES;CA;2;14,8;2,3
FEMMES;BZ;2;0;0
FEMMES;AZ;2;2,5;0,3
FEMMES;zz;1;125,6;0,4
FEMMES;XX;1;12,5;2,9
FEMMES;UZ;1;0;0
FEMMES;TZ;1;0;0
FEMMES;SZ;1;1,3;0,1
FEMMES;RZ;1;1,5;0,2
FEMMES;RU;1;2,8;0,2
FEMMES;QB;1;0;0
FEMMES;QA;1;0;0
FEMMES;PZ;1;0;0
FEMMES;OZ;1;0;0
FEMMES;OQ;1;0;0
FEMMES;NZ;1;0,2;0
FEMMES;MN;1;0,9;0
FEMMES;MC;1;0;0
FEMMES;MB;1;0,6;0,4
FEMMES;MA;1;0;0
FEMMES;LZ;1;0;0
FEMMES;KZ;1;0;0
FEMMES;JZ;1;0;0
FEMMES;JC;1;0;0
FEMMES;JB;1;0;0
FEMMES;JA;1;0;0
FEMMES;IZ;1;0,1;0
FEMMES;HZ;1;0;0
FEMMES;GZ;1;1,6;0
FEMMES;GI;1;1,6;0
FEMMES;FZ;1;0,2;0
FEMMES;EZ;1;0;0
FEMMES;EV;1;5,3;0
FEMMES;ET;1;0,7;0
FEMMES;DZ;1;0,7;0,4
FEMMES;CM;1;0;0
FEMMES;CL;1;0;0
FEMMES;CK;1;0;0
FEMMES;CJ;1;0;0
FEMMES;CI;1;0;0
FEMMES;CH;1;0;0
FEMMES;CG;1;0;0
FEMMES;CF;1;0;0
FEMMES;CE;1;0;0
FEMMES;CD;1;0;0
FEMMES;CC;1;0;0
FEMMES;CB;1;0;0
FEMMES;CA;1;0;0
FEMMES;BZ;1;0;0
FEMMES;AZ;1;106,9;14,8
HOMMES;zz;z;14474,4;51,1
HOMMES;XX;z;212,3;48,9
HOMMES;UZ;z;7,4;49,4
HOMMES;TZ;z;27,4;11
HOMMES;SZ;z;275,6;32,7
HOMMES;RZ;z;306,2;49,4
HOMMES;RU;z;616,6;35,7
HOMMES;QB;z;321,4;16,2
HOMMES;QA;z;488,9;24,7
HOMMES;PZ;z;678,6;31,6
HOMMES;OZ;z;1128,4;48,2
HOMMES;OQ;z;2617,3;31
HOMMES;NZ;z;632,2;52,5
HOMMES;MN;z;1596;52,2
HOMMES;MC;z;151,2;49,1
HOMMES;MB;z;102,5;57,9
HOMMES;MA;z;710,1;51,9
HOMMES;LZ;z;152;43,6
HOMMES;KZ;z;416;43,5
HOMMES;JZ;z;680;69,6
HOMMES;JC;z;416,8;72,3
HOMMES;JB;z;78,3;67,3
HOMMES;JA;z;185;64,9
HOMMES;IZ;z;590,8;51,6
HOMMES;HZ;z;1059,9;73,4
HOMMES;GZ;z;1987,6;53,6
HOMMES;GI;z;3638,2;57,8
HOMMES;FZ;z;1603,5;87,2
HOMMES;EZ;z;154,5;71,4
HOMMES;EV;z;9716,1;44,5
HOMMES;ET;z;2434,8;68,9
HOMMES;DZ;z;123,5;67,3
HOMMES;CM;z;269,1;74,3
HOMMES;CL;z;261;76,7
HOMMES;CK;z;144,2;82
HOMMES;CJ;z;83,4;69,6
HOMMES;CI;z;109,8;64,2
HOMMES;CH;z;334,7;81
HOMMES;CG;z;201,4;73,3
HOMMES;CF;z;48,3;52,2
HOMMES;CE;z;106,5;65,1
HOMMES;CD;z;5,9;89,1
HOMMES;CC;z;141,2;74,8
HOMMES;CB;z;46,3;35,2
HOMMES;CA;z;372,2;56,8
HOMMES;BZ;z;32,7;83,6
HOMMES;AZ;z;507,6;70,3
HOMMES;zz;X;72,2;0,3
HOMMES;XX;X;25,5;5,9
HOMMES;UZ;X;0,2;1,4
HOMMES;TZ;X;0,6;0,3
HOMMES;SZ;X;0,3;0
HOMMES;RZ;X;1,8;0,3
HOMMES;RU;X;3;0,2
HOMMES;QB;X;2,8;0,1
HOMMES;QA;X;0,9;0
HOMMES;PZ;X;3,6;0,2
HOMMES;OZ;X;20,9;0,9
HOMMES;OQ;X;28,2;0,3
HOMMES;NZ;X;0,9;0,1
HOMMES;MN;X;1,7;0,1
HOMMES;MC;X;0;0
HOMMES;MB;X;0,1;0,1
HOMMES;MA;X;0,7;0
HOMMES;LZ;X;1,2;0,3
HOMMES;KZ;X;0,2;0
HOMMES;JZ;X;1,4;0,1
HOMMES;JC;X;0,6;0,1
HOMMES;JB;X;0;0
HOMMES;JA;X;0,8;0,3
HOMMES;IZ;X;1,2;0,1
HOMMES;HZ;X;0,8;0,1
HOMMES;GZ;X;2,9;0,1
HOMMES;GI;X;5;0,1
HOMMES;FZ;X;1;0,1
HOMMES;EZ;X;0;0
HOMMES;EV;X;40,7;0,2
HOMMES;ET;X;4,1;0,1
HOMMES;DZ;X;1,5;0,8
HOMMES;CM;X;0,4;0,1
HOMMES;CL;X;0,8;0,2
HOMMES;CK;X;0;0
HOMMES;CJ;X;0;0
HOMMES;CI;X;0,1;0,1
HOMMES;CH;X;0,2;0,1
HOMMES;CG;X;0,3;0,1
HOMMES;CF;X;0;0
HOMMES;CE;X;0;0
HOMMES;CD;X;0;0
HOMMES;CC;X;0;0
HOMMES;CB;X;0;0
HOMMES;CA;X;0,8;0,1
HOMMES;BZ;X;0;0
HOMMES;AZ;X;0,8;0,1
HOMMES;zz;6;4245,1;15
HOMMES;XX;6;71,7;16,5
HOMMES;UZ;6;0,7;4,6
HOMMES;TZ;6;11,5;4,6
HOMMES;SZ;6;44,3;5,2
HOMMES;RZ;6;41,7;6,7
HOMMES;RU;6;98,2;5,7
HOMMES;QB;6;81,6;4,1
HOMMES;QA;6;29,5;1,5
HOMMES;PZ;6;34,3;1,6
HOMMES;OZ;6;211,4;9
HOMMES;OQ;6;356,9;4,2
HOMMES;NZ;6;227,7;18,9
HOMMES;MN;6;279,5;9,1
HOMMES;MC;6;14,7;4,8
HOMMES;MB;6;4,7;2,6
HOMMES;MA;6;32,4;2,4
HOMMES;LZ;6;11,6;3,3
HOMMES;KZ;6;17,3;1,8
HOMMES;JZ;6;13,5;1,4
HOMMES;JC;6;5,1;0,9
HOMMES;JB;6;2,6;2,2
HOMMES;JA;6;5,8;2
HOMMES;IZ;6;142,4;12,4
HOMMES;HZ;6;608,6;42,2
HOMMES;GZ;6;555,1;15
HOMMES;GI;6;1306,1;20,8
HOMMES;FZ;6;823,3;44,8
HOMMES;EZ;6;86,3;39,9
HOMMES;EV;6;2083,1;9,6
HOMMES;ET;6;1105,7;31,3
HOMMES;DZ;6;7,5;4,1
HOMMES;CM;6;95,3;26,3
HOMMES;CL;6;94,4;27,7
HOMMES;CK;6;62;35,3
HOMMES;CJ;6;30,4;25,4
HOMMES;CI;6;26,8;15,7
HOMMES;CH;6;186,9;45,2
HOMMES;CG;6;111;40,4
HOMMES;CF;6;12,1;13,1
HOMMES;CE;6;38,2;23,3
HOMMES;CD;6;3;44,9
HOMMES;CC;6;83;43,9
HOMMES;CB;6;27,8;21,2
HOMMES;CA;6;221,1;33,7
HOMMES;BZ;6;20;51
HOMMES;AZ;6;161,2;22,3
HOMMES;zz;5;1799,2;6,3
HOMMES;XX;5;21,9;5
HOMMES;UZ;5;1,5;10,2
HOMMES;TZ;5;15;6
HOMMES;SZ;5;43,3;5,1
HOMMES;RZ;5;40,6;6,5
HOMMES;RU;5;100,4;5,8
HOMMES;QB;5;89,1;4,5
HOMMES;QA;5;122,9;6,2
HOMMES;PZ;5;52,9;2,5
HOMMES;OZ;5;372,7;15,9
HOMMES;OQ;5;637,6;7,5
HOMMES;NZ;5;130,1;10,8
HOMMES;MN;5;176,8;5,8
HOMMES;MC;5;7,1;2,3
HOMMES;MB;5;1,8;1
HOMMES;MA;5;37,7;2,8
HOMMES;LZ;5;26,6;7,6
HOMMES;KZ;5;66,4;6,9
HOMMES;JZ;5;13,8;1,4
HOMMES;JC;5;4,5;0,8
HOMMES;JB;5;2,7;2,3
HOMMES;JA;5;6,6;2,3
HOMMES;IZ;5;211;18,4
HOMMES;HZ;5;102,9;7,1
HOMMES;GZ;5;377,4;10,2
HOMMES;GI;5;691,3;11
HOMMES;FZ;5;12,2;0,7
HOMMES;EZ;5;8,4;3,9
HOMMES;EV;5;1712,8;7,9
HOMMES;ET;5;50,4;1,4
HOMMES;DZ;5;4,4;2,4
HOMMES;CM;5;3,3;0,9
HOMMES;CL;5;2,5;0,7
HOMMES;CK;5;2,4;1,4
HOMMES;CJ;5;1,2;1
HOMMES;CI;5;0;0
HOMMES;CH;5;2,9;0,7
HOMMES;CG;5;6,5;2,4
HOMMES;CF;5;2,1;2,3
HOMMES;CE;5;0,7;0,5
HOMMES;CD;5;0,3;4,4
HOMMES;CC;5;1,7;0,9
HOMMES;CB;5;0,8;0,6
HOMMES;CA;5;12,7;1,9
HOMMES;BZ;5;0,5;1,4
HOMMES;AZ;5;1,9;0,3
HOMMES;zz;4;3200,9;11,3
HOMMES;XX;4;32,6;7,5
HOMMES;UZ;4;0,2;1,5
HOMMES;TZ;4;0,2;0,1
HOMMES;SZ;4;72;8,5
HOMMES;RZ;4;120,2;19,4
HOMMES;RU;4;192,6;11,2
HOMMES;QB;4;114,2;5,8
HOMMES;QA;4;166,9;8,4
HOMMES;PZ;4;253,3;11,8
HOMMES;OZ;4;288,6;12,3
HOMMES;OQ;4;823;9,7
HOMMES;NZ;4;113;9,4
HOMMES;MN;4;332,4;10,9
HOMMES;MC;4;48,2;15,6
HOMMES;MB;4;18;10,2
HOMMES;MA;4;153,2;11,2
HOMMES;LZ;4;32,6;9,3
HOMMES;KZ;4;64,9;6,8
HOMMES;JZ;4;150,2;15,4
HOMMES;JC;4;81,9;14,2
HOMMES;JB;4;29,2;25,1
HOMMES;JA;4;39,1;13,7
HOMMES;IZ;4;87;7,6
HOMMES;HZ;4;161,5;11,2
HOMMES;GZ;4;416;11,2
HOMMES;GI;4;664,5;10,6
HOMMES;FZ;4;243,6;13,2
HOMMES;EZ;4;41,8;19,3
HOMMES;EV;4;2260,2;10,4
HOMMES;ET;4;643,6;18,2
HOMMES;DZ;4;67,6;36,8
HOMMES;CM;4;80,7;22,3
HOMMES;CL;4;67,8;19,9
HOMMES;CK;4;43,2;24,6
HOMMES;CJ;4;24,8;20,7
HOMMES;CI;4;23,9;14
HOMMES;CH;4;84,9;20,5
HOMMES;CG;4;44,8;16,3
HOMMES;CF;4;15,1;16,3
HOMMES;CE;4;38,8;23,7
HOMMES;CD;4;1,8;26,8
HOMMES;CC;4;29,8;15,8
HOMMES;CB;4;7;5,3
HOMMES;CA;4;64,7;9,9
HOMMES;BZ;4;7;17,8
HOMMES;AZ;4;20,9;2,9
HOMMES;zz;3;3515,6;12,4
HOMMES;XX;3;30,4;7
HOMMES;UZ;3;4,7;31,7
HOMMES;TZ;3;0;0
HOMMES;SZ;3;65,4;7,8
HOMMES;RZ;3;92,1;14,9
HOMMES;RU;3;162,2;9,4
HOMMES;QB;3;31,7;1,6
HOMMES;QA;3;160,5;8,1
HOMMES;PZ;3;331,9;15,5
HOMMES;OZ;3;234,3;10
HOMMES;OQ;3;758,4;9
HOMMES;NZ;3;86,1;7,1
HOMMES;MN;3;680,7;22,3
HOMMES;MC;3;73,6;23,9
HOMMES;MB;3;77,9;44
HOMMES;MA;3;443,1;32,4
HOMMES;LZ;3;33,1;9,5
HOMMES;KZ;3;232,7;24,4
HOMMES;JZ;3;477,2;48,8
HOMMES;JC;3;307;53,3
HOMMES;JB;3;42,4;36,4
HOMMES;JA;3;127,8;44,9
HOMMES;IZ;3;37,5;3,3
HOMMES;HZ;3;112,4;7,8
HOMMES;GZ;3;345,6;9,3
HOMMES;GI;3;495,5;7,9
HOMMES;FZ;3;121,3;6,6
HOMMES;EZ;3;14,1;6,5
HOMMES;EV;3;2839,7;13
HOMMES;ET;3;514,3;14,5
HOMMES;DZ;3;39,9;21,7
HOMMES;CM;3;56;15,5
HOMMES;CL;3;92,7;27,2
HOMMES;CK;3;34,8;19,8
HOMMES;CJ;3;26,6;22,2
HOMMES;CI;3;58,4;34,1
HOMMES;CH;3;46;11,1
HOMMES;CG;3;31,3;11,4
HOMMES;CF;3;19;20,5
HOMMES;CE;3;28,6;17,5
HOMMES;CD;3;0,9;12,9
HOMMES;CC;3;16,3;8,7
HOMMES;CB;3;7,8;5,9
HOMMES;CA;3;36,7;5,6
HOMMES;BZ;3;5,2;13,4
HOMMES;AZ;3;9,9;1,4
HOMMES;zz;2;1320,6;4,7
HOMMES;XX;2;19,6;4,5
HOMMES;UZ;2;0;0
HOMMES;TZ;2;0;0
HOMMES;SZ;2;49,4;5,9
HOMMES;RZ;2;9,5;1,5
HOMMES;RU;2;58,9;3,4
HOMMES;QB;2;2,1;0,1
HOMMES;QA;2;8,1;0,4
HOMMES;PZ;2;1,9;0,1
HOMMES;OZ;2;0,5;0
HOMMES;OQ;2;12,7;0,1
HOMMES;NZ;2;70,6;5,9
HOMMES;MN;2;121,2;4
HOMMES;MC;2;7,6;2,5
HOMMES;MB;2;0;0
HOMMES;MA;2;43;3,1
HOMMES;LZ;2;46,4;13,3
HOMMES;KZ;2;33,5;3,5
HOMMES;JZ;2;23,6;2,4
HOMMES;JC;2;17,7;3,1
HOMMES;JB;2;1,4;1,2
HOMMES;JA;2;4,5;1,6
HOMMES;IZ;2;110,5;9,7
HOMMES;HZ;2;73,7;5,1
HOMMES;GZ;2;286,2;7,7
HOMMES;GI;2;470,4;7,5
HOMMES;FZ;2;400,8;21,8
HOMMES;EZ;2;3,9;1,8
HOMMES;EV;2;766,7;3,5
HOMMES;ET;2;116,1;3,3
HOMMES;DZ;2;2,2;1,2
HOMMES;CM;2;33,3;9,2
HOMMES;CL;2;2,8;0,8
HOMMES;CK;2;1,7;1
HOMMES;CJ;2;0,4;0,4
HOMMES;CI;2;0,7;0,4
HOMMES;CH;2;13,8;3,3
HOMMES;CG;2;7,6;2,8
HOMMES;CF;2;0;0
HOMMES;CE;2;0,1;0,1
HOMMES;CD;2;0;0
HOMMES;CC;2;10,5;5,5
HOMMES;CB;2;2,9;2,2
HOMMES;CA;2;36,2;5,5
HOMMES;BZ;2;0;0
HOMMES;AZ;2;17,3;2,4
HOMMES;zz;1;320,8;1,1
HOMMES;XX;1;10,4;2,4
HOMMES;UZ;1;0;0
HOMMES;TZ;1;0;0
HOMMES;SZ;1;1,1;0,1
HOMMES;RZ;1;0,2;0
HOMMES;RU;1;1,3;0,1
HOMMES;QB;1;0;0
HOMMES;QA;1;0;0
HOMMES;PZ;1;0,6;0
HOMMES;OZ;1;0;0
HOMMES;OQ;1;0,6;0
HOMMES;NZ;1;3,7;0,3
HOMMES;MN;1;3,7;0,1
HOMMES;MC;1;0;0
HOMMES;MB;1;0;0
HOMMES;MA;1;0;0
HOMMES;LZ;1;0,6;0,2
HOMMES;KZ;1;0,9;0,1
HOMMES;JZ;1;0,3;0
HOMMES;JC;1;0;0
HOMMES;JB;1;0;0
HOMMES;JA;1;0,3;0,1
HOMMES;IZ;1;1,1;0,1
HOMMES;HZ;1;0;0
HOMMES;GZ;1;4,3;0,1
HOMMES;GI;1;5,4;0,1
HOMMES;FZ;1;1,3;0,1
HOMMES;EZ;1;0;0
HOMMES;EV;1;12,8;0,1
HOMMES;ET;1;0,6;0
HOMMES;DZ;1;0,6;0,3
HOMMES;CM;1;0;0
HOMMES;CL;1;0;0
HOMMES;CK;1;0;0
HOMMES;CJ;1;0;0
HOMMES;CI;1;0;0
HOMMES;CH;1;0;0
HOMMES;CG;1;0;0
HOMMES;CF;1;0;0
HOMMES;CE;1;0;0
HOMMES;CD;1;0;0
HOMMES;CC;1;0;0
HOMMES;CB;1;0;0
HOMMES;CA;1;0;0
HOMMES;BZ;1;0;0
HOMMES;AZ;1;295,7;41
